<?xml version="1.0" encoding="UTF-8" standalone="yes"?>
<addon id="plugin.video.podprikritie"
       name="[COLOR orange]PODPRIKRITIE[/COLOR]"
       version="1.0.0"
       provider-name="Johnie">
  <requires>
    <import addon="xbmc.python" version="2.1.0"/>
  </requires>
  <extension point="xbmc.python.pluginsource"
             provides="video"
             library="default.py">
    <provides>video</provides>
  </extension>
  <extension point="xbmc.addon.metadata">
    <summary>http://chas.tv/</summary>
    <description>[COLOR orange]PODPRIKRITIE[/COLOR]
</description>
    <platform>all</platform>
	<assets>
	   <icon>resources/icon.png</icon>
       <fanart>resources/fanart.jpg</fanart>
	</assets>
  </extension>
</addon>
