<?xml version="1.0" encoding="UTF-8" standalone="yes" ?>
<addon id="plugin.video.myonvideo" name="[COLOR Ff0404B4]MY[/COLOR][COLOR FfFFFFFF]ON[/COLOR][COLOR FfFF0000]VIDEO[/COLOR]" version="1.0.0" provider-name="Johnie">
 <requires>
     <import addon="xbmc.python" version="2.1.0"/>
	 <import addon="script.module.urlresolver" version="2.10.0"/>
 </requires>
 <extension point="xbmc.python.pluginsource" library="default.py">
     <provides>video</provides>
 </extension>
 <extension point="xbmc.addon.metadata">
     <summary lang="bg">Приставка за съдържание при поискване от MyOnVideo</summary>
     <summary lang="en">Addon for VOD from MyOnVideo</summary>
    <description lang="bg">Приставка за съдържание при поискване от MyOnVideo. Препоръчително е използването на широколентова интернет връзка!</description>
     <description lang="en">Addon for watching on demand videos from MyOnVideo. Broadband internet connection is recomended!</description>      
     <disclaimer lang="bg">Някои елементи на тази приставка, може да не са легални в държавата ви - проверете и инсталирайте на ваша отговорност.</disclaimer>
     <disclaimer lang="en">Some parts of this addon may not be legal in your country of residence - please check with your local laws before installing.</disclaimer>
     <language>bg,en</language>
     <platform>all</platform>
     <forum></forum>
     <website></website>
     <email></email>
 </extension>
</addon>
