{
	"Kanal 3": "Канал 3",
	"Planeta Folk": "Планета Фолк",
	"Ribalka i Ohota": "Охота и рыбалка",
	"Planeta HD": "Планета HD",
	"DW": "Deutsche Welle",
	"DocuBox HD": "DocuBox",
	"RING": "RING BG",
	"Da Vinci": "Da Vinci Learning",
	"Discovery": "Discovery Channel",
	"Kino Nova": "KinoNova",
	"FightBox HD": "FightBox",
	"Nat Geo Wild": "NatGeo Wild",
	"Evrokom": "Евроком",
	"MovieSTAR": "Movie Star",
	"Disney": "Disney Channel",
	"Eurosport 1": "Eurosport",
	"AMS": "Auto Motor Sport",
	"CN": "Cartoon Network / TCM",
	"Bulgaria On Air": "Bulgaria on Air",
	"Fast and Fun HD": "Fast and Fun",
	"BNT HD": "БНТ HD",
	"EKids": "eKids",
	"VIVACOM Arena": "V Arena",
	"Planeta": "Планета",
	"Nat Geo HD": "National Geographic",
	"WNESS HD": "Wness",
	"BiT": "BIT",
	"BNT 1": "БНТ 1",
	"TV Evropa": "ТВ Европа",
	"BNT 2": "БНТ 2",
	"Hustler": "Hustler TV"
}