<?xml version="1.0" encoding="UTF-8" standalone="yes" ?>
<addon id="plugin.video.filmi2k" name="Filmi2k.com" version="1.0.2" provider-name="Johnie">
 <requires>
     <import addon="xbmc.python" version="2.1.0"/>
     <import addon="script.module.urlresolver" version="2.10.0"/>
 </requires>
 <extension point="xbmc.python.pluginsource" library="default.py">
     <provides>video</provides>
 </extension>
 <extension point="xbmc.addon.metadata">
     <summary lang="bg">Приставка за съдържание при поискване от Filmi2k.com</summary>
     <summary lang="en">Addon for VOD from Filmi2k.com</summary>
    <description lang="bg">Приставка за съдържание при поискване от Filmi2k.com. Препоръчително е използването на широколентова интернет връзка!След като пуснете филм е необходимо да се оторизирате в https://olpair.com от друго мобилно устройство!</description>
     <description lang="en">Addon for watching on demand videos from Filmi2k.com. Broadband internet connection is recomended!After you lunch movie you need to autorise device to https://olpair.com from another device!</description>      
     <disclaimer lang="bg">Някои елементи на тази приставка, може да не са легални в държавата ви - проверете и инсталирайте на ваша отговорност.</disclaimer>
     <disclaimer lang="en">Some parts of this addon may not be legal in your country of residence - please check with your local laws before installing.</disclaimer>
     <language>bg,en</language>
     <platform>all</platform>
     <forum></forum>
     <website></website>
     <email></email>
	 <assets>
	   <icon>resources/icon.png</icon>
       <fanart>resources/fanart.jpg</fanart>
       <screenshot>resources/screenshot-01.jpg</screenshot>
       <screenshot>resources/screenshot-02.jpg</screenshot>
       <screenshot>resources/screenshot-03.jpg</screenshot>
	</assets>
 </extension>
</addon>
