<?xml version="1.0" encoding="UTF-8" standalone="yes"?>
<addon id="service.subtitles.bukvibg"
       name="БУКВИ.БГ"
       version="0.0.1"
       provider-name="Majide">
  <requires>
    <import addon="xbmc.python" version="2.1.0"/>
  </requires>
  <extension point="xbmc.subtitle.module"
             library="service.py" />
  <extension point="xbmc.addon.metadata">
    <summary lang="en">Субтитри от БУКВИ.БГ</summary>
    <description lang="en">Тази приставка позволява търсене и изтегляне на субтитри през сайта bukvi.bg. Автоматичното търсене е по първата част от заглавието, до срещане на знак точка. Можете да използвате и ръчно търсене (използвайте минимум думи за повече резултати). Приставката изисква python библиотеката rarfile и unrar/WinRAR за разархивиране на RAR архиви. Прочетете във форума kodibg.org, как да ги осигурите.</description>
  </extension>
</addon>
