<?xml version="1.0" encoding="UTF-8" standalone="yes"?>
<addon id="plugin.audio.bgradio_online"
       name="[COLOR FF00FF00]БГ Радиостанции ([/COLOR][COLOR FFFFF000]bgradio-online.com[/COLOR][COLOR FF00FF00])[/COLOR]"
       version="1.0.0"
       provider-name="Johnie">
  <requires>
    <import addon="xbmc.python" version="2.1.0"/>
  </requires>
  <extension point="xbmc.python.pluginsource"
             provides="audio"
             library="default.py">
    <provides>audio</provides>
  </extension>
  <extension point="xbmc.addon.metadata">
    <summary>http://bgradio-online.com/</summary>
    <description>[COLOR FFFFF000]Онлайн радио България[/COLOR] - слушайте радио онлайн безплатно.
</description>
    <platform>all</platform>
	<assets>
	   <icon>resources/icon.png</icon>
       <fanart>resources/fanart.jpg</fanart>
	</assets>
  </extension>
</addon>
